{"stats":{"minecraft:used":{"minecraft:sand":27},"minecraft:mined":{"minecraft:sand":27},"minecraft:custom":{"minecraft:jump":112,"minecraft:time_since_rest":3663,"minecraft:damage_dealt":100,"minecraft:crouch_one_cm":186,"minecraft:leave_game":1,"minecraft:sprint_one_cm":8276,"minecraft:play_time":3663,"minecraft:time_since_death":3663,"minecraft:walk_one_cm":9197,"minecraft:sneak_time":45,"minecraft:total_world_time":3663,"minecraft:mob_kills":1,"minecraft:fall_one_cm":3487,"minecraft:fly_one_cm":21640},"minecraft:picked_up":{"minecraft:beef":1,"minecraft:sand":27},"minecraft:killed":{"minecraft:cow":1}},"DataVersion":3953}