{"stats":{"minecraft:broken":{"minecraft:wooden_pickaxe":1},"minecraft:used":{"minecraft:oak_planks":2,"minecraft:wooden_pickaxe":59,"minecraft:stone_axe":11,"minecraft:dirt":4,"minecraft:sand":27,"minecraft:crafting_table":1,"minecraft:furnace":1,"minecraft:cooked_beef":1},"minecraft:custom":{"minecraft:time_since_rest":20395,"minecraft:sprint_one_cm":39129,"minecraft:interact_with_furnace":6,"minecraft:damage_taken":205,"minecraft:walk_one_cm":33148,"minecraft:mob_kills":8,"minecraft:damage_dealt":925,"minecraft:swim_one_cm":7527,"minecraft:interact_with_crafting_table":6,"minecraft:fly_one_cm":84858,"minecraft:crouch_one_cm":670,"minecraft:play_time":20395,"minecraft:sneak_time":323,"minecraft:walk_under_water_one_cm":705,"minecraft:jump":446,"minecraft:leave_game":2,"minecraft:walk_on_water_one_cm":3832,"minecraft:time_since_death":20395,"minecraft:total_world_time":20395,"minecraft:fall_one_cm":8746},"minecraft:picked_up":{"minecraft:leather":2,"minecraft:porkchop":12,"minecraft:sand":27,"minecraft:oak_log":10,"minecraft:diorite":5,"minecraft:dirt":22,"minecraft:peony":1,"minecraft:beef":6,"minecraft:oak_planks":2,"minecraft:cobblestone":45},"minecraft:crafted":{"minecraft:cooked_beef":1,"minecraft:oak_planks":40,"minecraft:crafting_table":1,"minecraft:stick":8,"minecraft:wooden_pickaxe":1,"minecraft:furnace":1,"minecraft:stone_axe":1,"minecraft:air":0},"minecraft:killed":{"minecraft:pig":5,"minecraft:cow":3},"minecraft:mined":{"minecraft:tall_seagrass":2,"minecraft:peony":1,"minecraft:short_grass":1,"minecraft:grass_block":6,"minecraft:oak_log":10,"minecraft:dirt":16,"minecraft:sand":27,"minecraft:stone":45,"minecraft:oak_planks":2,"minecraft:oak_leaves":1,"minecraft:diorite":5}},"DataVersion":3953}