{"stats":{"minecraft:dropped":{"minecraft:dark_oak_sapling":1},"minecraft:custom":{"minecraft:jump":42,"minecraft:time_since_rest":4405,"minecraft:leave_game":1,"minecraft:crouch_one_cm":785,"minecraft:sprint_one_cm":5041,"minecraft:play_time":4405,"minecraft:time_since_death":4405,"minecraft:walk_one_cm":9905,"minecraft:sneak_time":272,"minecraft:total_world_time":4405,"minecraft:drop":1,"minecraft:fall_one_cm":1374,"minecraft:fly_one_cm":5833},"minecraft:picked_up":{"minecraft:dark_oak_sapling":1,"minecraft:oak_log":4},"minecraft:mined":{"minecraft:oak_log":4,"minecraft:dark_oak_leaves":9}},"DataVersion":3953}