{
  "minecraft:recipes/misc/charcoal": {
    "criteria": {
      "has_log": "2024-06-14 03:59:35 +0000"
    },
    "done": true
  },
  "minecraft:recipes/decorations/crafting_table": {
    "criteria": {
      "unlock_right_away": "2024-06-14 03:58:15 +0000"
    },
    "done": true
  },
  "minecraft:recipes/building_blocks/oak_planks": {
    "criteria": {
      "has_logs": "2024-06-14 03:59:35 +0000"
    },
    "done": true
  },
  "minecraft:adventure/adventuring_time": {
    "criteria": {
      "minecraft:beach": "2024-06-14 03:59:26 +0000",
      "minecraft:dark_forest": "2024-06-14 03:58:16 +0000"
    },
    "done": false
  },
  "minecraft:recipes/building_blocks/oak_wood": {
    "criteria": {
      "has_log": "2024-06-14 03:59:35 +0000"
    },
    "done": true
  },
  "DataVersion": 3953
}